Id,Data,Id Cliente,Região,Id Produto,Preço Unitário,Quantidade,Periodo,Receita
1,2024-12-14,CLI00014,RJ,PRD00009,28.63,10,2024-12-01,286.3
2,2025-03-20,CLI00072,RJ,PRD00009,22.45,4,2025-03-01,89.8
3,2025-01-15,CLI00080,RS,PRD00001,30.05,17,2025-01-01,510.85
4,2024-09-17,CLI00074,RS,PRD00005,85.29,12,2024-09-01,1023.48
5,2024-12-26,CLI00024,RJ,PRD00005,20.12,1,2024-12-01,20.12
6,2025-02-13,CLI00068,RS,PRD00009,92.9,18,2025-02-01,1672.2
7,2024-10-28,CLI00015,MG,PRD00009,53.23,11,2024-10-01,585.53
8,2025-04-16,CLI00098,RS,PRD00008,94.83,8,2025-04-01,758.64
9,2025-03-04,CLI00069,RS,PRD00001,30.78,7,2025-03-01,215.46
10,2024-06-02,CLI00046,BA,PRD00003,73.59,4,2024-06-01,294.36
11,2025-01-11,CLI00086,MG,PRD00006,23.7,8,2025-01-01,189.6
12,2024-05-17,CLI00015,RJ,PRD00006,58.83,13,2024-05-01,764.79
13,2025-04-20,CLI00080,MG,PRD00005,66.08,5,2025-04-01,330.4
14,2025-03-28,CLI00088,BA,PRD00003,68.6,18,2025-03-01,1234.8
15,2024-09-16,CLI00041,MG,PRD00008,46.89,14,2024-09-01,656.46
16,2024-08-14,CLI00036,RS,PRD00001,76.92,12,2024-08-01,923.04
17,2024-12-24,CLI00028,RJ,PRD00004,95.81,9,2024-12-01,862.29
18,2025-02-20,CLI00096,BA,PRD00008,34.02,13,2025-02-01,442.26000000000005
19,2025-04-18,CLI00082,MG,PRD00001,41.81,3,2025-04-01,125.43
20,2024-12-25,CLI00033,SP,PRD00004,78.44,3,2024-12-01,235.32
21,2025-04-21,CLI00090,BA,PRD00010,72.68,14,2025-04-01,1017.5200000000001
22,2024-09-25,CLI00071,RS,PRD00005,69.27,5,2024-09-01,346.34999999999997
23,2024-10-12,CLI00019,BA,PRD00008,30.55,4,2024-10-01,122.2
24,2025-01-28,CLI00030,RJ,PRD00003,88.33,11,2025-01-01,971.63
25,2024-11-21,CLI00051,RS,PRD00005,28.51,15,2024-11-01,427.65000000000003
26,2024-12-30,CLI00064,SP,PRD00003,40.16,11,2024-12-01,441.76
27,2024-05-13,CLI00064,RJ,PRD00007,88.19,18,2024-05-01,1587.42
28,2024-05-09,CLI00065,MG,PRD00010,66.83,9,2024-05-01,601.47
29,2024-07-05,CLI00097,SP,PRD00008,47.35,9,2024-07-01,426.15000000000003
30,2024-09-02,CLI00076,RS,PRD00008,39.76,5,2024-09-01,198.79999999999998
31,2025-01-11,CLI00050,SP,PRD00004,65.69,14,2025-01-01,919.66
32,2025-03-22,CLI00011,SP,PRD00007,51.87,14,2025-03-01,726.18
33,2025-01-01,CLI00060,SP,PRD00002,75.9,2,2025-01-01,151.8
34,2024-09-24,CLI00091,MG,PRD00005,97.06,18,2024-09-01,1747.08
35,2024-11-23,CLI00074,SP,PRD00006,33.5,18,2024-11-01,603.0
36,2025-01-18,CLI00087,RS,PRD00005,55.15,13,2025-01-01,716.9499999999999
37,2024-11-06,CLI00063,SP,PRD00004,22.81,3,2024-11-01,68.42999999999999
38,2025-01-05,CLI00001,BA,PRD00001,66.8,5,2025-01-01,334.0
39,2024-11-23,CLI00027,RJ,PRD00006,61.11,12,2024-11-01,733.3199999999999
40,2024-10-11,CLI00073,SP,PRD00007,81.98,13,2024-10-01,1065.74
41,2024-05-10,CLI00096,MG,PRD00005,33.33,6,2024-05-01,199.98
42,2025-03-17,CLI00041,RS,PRD00007,98.91,18,2025-03-01,1780.3799999999999
43,2024-08-01,CLI00025,MG,PRD00007,42.11,8,2024-08-01,336.88
44,2025-04-20,CLI00043,RJ,PRD00004,54.08,19,2025-04-01,1027.52
45,2025-01-17,CLI00043,BA,PRD00004,81.69,15,2025-01-01,1225.35
46,2025-01-30,CLI00035,RS,PRD00008,69.03,6,2025-01-01,414.18
47,2024-06-16,CLI00076,RJ,PRD00008,58.08,4,2024-06-01,232.32
48,2024-05-11,CLI00073,MG,PRD00002,32.87,13,2024-05-01,427.30999999999995
49,2024-05-29,CLI00092,BA,PRD00005,55.94,13,2024-05-01,727.22
50,2024-12-06,CLI00056,MG,PRD00008,43.13,3,2024-12-01,129.39000000000001
51,2024-05-31,CLI00055,RS,PRD00004,66.14,11,2024-05-01,727.54
52,2025-04-12,CLI00047,RJ,PRD00009,86.32,20,2025-04-01,1726.3999999999999
53,2024-08-07,CLI00030,RS,PRD00006,25.92,18,2024-08-01,466.56000000000006
54,2025-01-25,CLI00017,BA,PRD00004,72.67,19,2025-01-01,1380.73
55,2025-03-28,CLI00068,SP,PRD00005,25.19,16,2025-03-01,403.04
56,2024-05-30,CLI00082,SP,PRD00005,29.27,8,2024-05-01,234.16
57,2025-03-06,CLI00046,RJ,PRD00007,98.65,11,2025-03-01,1085.15
58,2024-06-08,CLI00019,SP,PRD00004,71.43,3,2024-06-01,214.29000000000002
59,2025-01-11,CLI00040,RJ,PRD00001,22.3,15,2025-01-01,334.5
60,2024-10-19,CLI00090,RJ,PRD00007,49.1,14,2024-10-01,687.4
61,2024-07-27,CLI00022,RS,PRD00005,65.22,1,2024-07-01,65.22
62,2025-02-15,CLI00049,RS,PRD00009,39.57,3,2025-02-01,118.71000000000001
63,2024-12-25,CLI00038,BA,PRD00001,87.4,6,2024-12-01,524.4000000000001
64,2024-07-26,CLI00019,MG,PRD00004,67.19,19,2024-07-01,1276.61
65,2024-09-24,CLI00098,BA,PRD00003,66.63,17,2024-09-01,1132.71
66,2025-04-01,CLI00094,BA,PRD00008,93.49,14,2025-04-01,1308.86
67,2024-06-11,CLI00010,RS,PRD00002,30.22,10,2024-06-01,302.2
68,2024-07-24,CLI00064,RJ,PRD00005,33.95,20,2024-07-01,679.0
69,2025-02-04,CLI00058,MG,PRD00007,69.67,8,2025-02-01,557.36
70,2024-10-29,CLI00092,RJ,PRD00002,69.83,17,2024-10-01,1187.11
71,2025-04-04,CLI00051,BA,PRD00010,58.71,3,2025-04-01,176.13
72,2024-12-18,CLI00093,BA,PRD00006,93.97,15,2024-12-01,1409.55
73,2024-09-20,CLI00057,RS,PRD00010,51.43,10,2024-09-01,514.3
74,2024-09-30,CLI00062,SP,PRD00002,43.44,13,2024-09-01,564.72
75,2025-02-25,CLI00067,BA,PRD00010,64.47,18,2025-02-01,1160.46
76,2024-05-15,CLI00015,RJ,PRD00003,76.43,4,2024-05-01,305.72
77,2024-11-13,CLI00023,BA,PRD00006,68.8,5,2024-11-01,344.0
78,2024-11-29,CLI00076,RS,PRD00001,82.49,8,2024-11-01,659.92
79,2024-09-17,CLI00098,RS,PRD00004,56.27,11,2024-09-01,618.97
80,2025-01-05,CLI00034,SP,PRD00008,35.49,18,2025-01-01,638.82
81,2024-07-24,CLI00063,SP,PRD00001,54.47,14,2024-07-01,762.5799999999999
82,2024-12-24,CLI00013,BA,PRD00007,69.34,13,2024-12-01,901.4200000000001
83,2025-02-26,CLI00003,BA,PRD00004,73.53,17,2025-02-01,1250.01
84,2024-06-16,CLI00038,RS,PRD00002,91.81,6,2024-06-01,550.86
85,2024-11-28,CLI00097,MG,PRD00006,95.09,11,2024-11-01,1045.99
86,2025-03-14,CLI00035,RS,PRD00010,46.75,2,2025-03-01,93.5
87,2025-01-06,CLI00018,BA,PRD00008,50.32,18,2025-01-01,905.76
88,2025-03-29,CLI00063,RS,PRD00010,64.41,11,2025-03-01,708.51
89,2024-05-26,CLI00074,MG,PRD00001,79.94,15,2024-05-01,1199.1
90,2025-02-09,CLI00016,RJ,PRD00009,82.66,11,2025-02-01,909.26
91,2024-05-20,CLI00013,SP,PRD00005,23.57,6,2024-05-01,141.42000000000002
92,2025-04-11,CLI00020,RJ,PRD00010,48.67,3,2025-04-01,146.01
93,2024-10-16,CLI00014,MG,PRD00010,89.39,20,2024-10-01,1787.8
94,2024-10-22,CLI00079,MG,PRD00004,22.6,7,2024-10-01,158.20000000000002
95,2024-12-06,CLI00092,MG,PRD00010,21.35,11,2024-12-01,234.85000000000002
96,2024-12-12,CLI00039,MG,PRD00008,55.5,2,2024-12-01,111.0
97,2024-10-29,CLI00016,RJ,PRD00004,95.25,20,2024-10-01,1905.0
98,2024-10-15,CLI00078,RS,PRD00008,36.46,2,2024-10-01,72.92
99,2024-07-12,CLI00065,SP,PRD00005,43.01,1,2024-07-01,43.01
100,2025-01-08,CLI00020,RJ,PRD00004,94.33,2,2025-01-01,188.66
101,2024-09-23,CLI00078,BA,PRD00008,71.69,9,2024-09-01,645.21
102,2025-03-19,CLI00072,MG,PRD00008,39.72,3,2025-03-01,119.16
103,2024-05-24,CLI00022,BA,PRD00007,77.19,3,2024-05-01,231.57
104,2024-06-16,CLI00087,BA,PRD00004,25.57,8,2024-06-01,204.56
105,2024-05-15,CLI00053,MG,PRD00007,24.26,7,2024-05-01,169.82000000000002
106,2024-09-18,CLI00091,SP,PRD00008,80.01,1,2024-09-01,80.01
107,2024-11-16,CLI00083,RJ,PRD00008,57.89,19,2024-11-01,1099.91
108,2025-04-04,CLI00092,MG,PRD00005,55.14,10,2025-04-01,551.4
109,2024-10-18,CLI00095,SP,PRD00006,95.62,3,2024-10-01,286.86
110,2024-08-21,CLI00090,MG,PRD00006,52.73,6,2024-08-01,316.38
111,2024-07-01,CLI00017,MG,PRD00008,96.27,6,2024-07-01,577.62
112,2024-07-18,CLI00055,RJ,PRD00005,51.13,4,2024-07-01,204.52
113,2025-01-25,CLI00022,MG,PRD00008,68.26,13,2025-01-01,887.3800000000001
114,2024-12-23,CLI00067,RS,PRD00008,55.38,17,2024-12-01,941.46
115,2024-07-25,CLI00063,BA,PRD00002,40.59,15,2024-07-01,608.85
116,2025-01-07,CLI00078,RS,PRD00001,90.42,19,2025-01-01,1717.98
117,2024-05-31,CLI00060,BA,PRD00008,47.8,19,2024-05-01,908.1999999999999
118,2024-10-30,CLI00053,RS,PRD00009,47.04,15,2024-10-01,705.6
119,2024-06-12,CLI00070,RJ,PRD00005,28.82,6,2024-06-01,172.92000000000002
120,2024-05-10,CLI00090,RJ,PRD00006,88.13,7,2024-05-01,616.91
121,2024-09-08,CLI00015,MG,PRD00010,65.86,16,2024-09-01,1053.76
122,2025-04-20,CLI00080,MG,PRD00010,78.53,9,2025-04-01,706.77
123,2024-11-12,CLI00025,RS,PRD00004,59.78,15,2024-11-01,896.7
124,2025-01-13,CLI00081,RJ,PRD00010,34.64,18,2025-01-01,623.52
125,2024-07-03,CLI00015,SP,PRD00003,51.59,5,2024-07-01,257.95000000000005
126,2024-08-04,CLI00050,SP,PRD00002,42.48,3,2024-08-01,127.44
127,2025-04-01,CLI00034,SP,PRD00005,69.64,4,2025-04-01,278.56
128,2025-04-14,CLI00029,RJ,PRD00007,27.12,14,2025-04-01,379.68
129,2025-03-21,CLI00030,SP,PRD00005,67.79,14,2025-03-01,949.0600000000001
130,2024-12-12,CLI00022,BA,PRD00009,76.51,18,2024-12-01,1377.18
131,2024-11-15,CLI00012,SP,PRD00002,29.87,14,2024-11-01,418.18
132,2025-05-01,CLI00041,MG,PRD00006,29.48,16,2025-05-01,471.68
133,2025-01-23,CLI00042,BA,PRD00001,20.02,9,2025-01-01,180.18
134,2024-10-04,CLI00080,SP,PRD00006,31.26,15,2024-10-01,468.90000000000003
135,2024-05-28,CLI00018,MG,PRD00009,84.48,7,2024-05-01,591.36
136,2025-02-19,CLI00033,SP,PRD00006,97.03,4,2025-02-01,388.12
137,2025-02-09,CLI00093,BA,PRD00004,42.03,13,2025-02-01,546.39
138,2024-05-09,CLI00003,MG,PRD00002,21.46,2,2024-05-01,42.92
139,2024-07-15,CLI00002,RS,PRD00002,84.27,3,2024-07-01,252.81
140,2024-05-17,CLI00089,BA,PRD00003,39.92,20,2024-05-01,798.4000000000001
141,2024-12-08,CLI00064,RJ,PRD00006,65.05,20,2024-12-01,1301.0
142,2025-03-01,CLI00044,BA,PRD00001,80.57,4,2025-03-01,322.28
143,2024-12-05,CLI00080,RJ,PRD00002,92.92,3,2024-12-01,278.76
144,2025-02-11,CLI00052,RJ,PRD00006,43.73,19,2025-02-01,830.8699999999999
145,2024-07-07,CLI00058,MG,PRD00004,93.65,3,2024-07-01,280.95000000000005
146,2024-08-03,CLI00061,MG,PRD00007,40.38,11,2024-08-01,444.18
147,2024-07-04,CLI00028,BA,PRD00004,57.9,14,2024-07-01,810.6
148,2024-10-08,CLI00039,BA,PRD00007,61.13,2,2024-10-01,122.26
149,2024-08-22,CLI00056,RJ,PRD00007,54.51,17,2024-08-01,926.67
150,2024-09-23,CLI00088,RJ,PRD00005,53.6,2,2024-09-01,107.2
151,2024-12-21,CLI00078,RJ,PRD00007,72.52,17,2024-12-01,1232.84
152,2024-07-12,CLI00052,RS,PRD00006,88.39,16,2024-07-01,1414.24
153,2024-10-31,CLI00077,RJ,PRD00008,55.28,9,2024-10-01,497.52
154,2025-02-02,CLI00026,BA,PRD00006,42.46,14,2025-02-01,594.44
155,2025-04-26,CLI00057,SP,PRD00001,60.73,16,2025-04-01,971.68
156,2025-04-10,CLI00052,RS,PRD00006,44.74,3,2025-04-01,134.22
157,2025-03-06,CLI00006,RS,PRD00005,38.0,20,2025-03-01,760.0
158,2024-11-29,CLI00065,RJ,PRD00003,58.54,13,2024-11-01,761.02
159,2025-01-12,CLI00063,BA,PRD00005,58.41,4,2025-01-01,233.64
160,2025-03-29,CLI00062,SP,PRD00007,38.13,5,2025-03-01,190.65
161,2024-06-06,CLI00088,MG,PRD00002,88.66,20,2024-06-01,1773.1999999999998
162,2024-11-02,CLI00081,RS,PRD00008,79.05,7,2024-11-01,553.35
163,2024-07-13,CLI00045,RS,PRD00009,77.2,10,2024-07-01,772.0
164,2024-11-01,CLI00026,BA,PRD00009,39.07,5,2024-11-01,195.35
165,2024-10-03,CLI00005,BA,PRD00006,97.19,16,2024-10-01,1555.04
166,2024-08-26,CLI00050,MG,PRD00002,33.27,9,2024-08-01,299.43
167,2024-08-31,CLI00021,MG,PRD00008,73.7,14,2024-08-01,1031.8
168,2024-10-21,CLI00065,RJ,PRD00007,51.3,13,2024-10-01,666.9
169,2025-02-24,CLI00050,MG,PRD00005,84.61,9,2025-02-01,761.49
170,2025-03-11,CLI00064,BA,PRD00004,46.85,6,2025-03-01,281.1
171,2024-09-24,CLI00093,RS,PRD00003,76.16,13,2024-09-01,990.0799999999999
172,2024-05-15,CLI00014,RJ,PRD00008,44.81,5,2024-05-01,224.05
173,2024-09-24,CLI00039,MG,PRD00003,96.23,3,2024-09-01,288.69
174,2024-09-29,CLI00002,MG,PRD00002,52.2,2,2024-09-01,104.4
175,2024-05-25,CLI00081,SP,PRD00001,22.01,15,2024-05-01,330.15000000000003
176,2024-11-26,CLI00007,MG,PRD00008,78.28,6,2024-11-01,469.68
177,2024-11-29,CLI00048,BA,PRD00006,50.68,10,2024-11-01,506.8
178,2025-05-07,CLI00035,RJ,PRD00009,37.05,16,2025-05-01,592.8
179,2024-05-10,CLI00098,RS,PRD00001,64.21,9,2024-05-01,577.89
180,2024-05-21,CLI00023,SP,PRD00010,42.67,9,2024-05-01,384.03000000000003
181,2025-04-29,CLI00072,BA,PRD00009,95.13,14,2025-04-01,1331.82
182,2024-06-14,CLI00027,SP,PRD00007,69.75,4,2024-06-01,279.0
183,2024-07-15,CLI00030,BA,PRD00002,29.73,8,2024-07-01,237.84
184,2024-11-07,CLI00068,BA,PRD00002,54.41,7,2024-11-01,380.87
185,2025-01-27,CLI00010,SP,PRD00007,23.08,15,2025-01-01,346.2
186,2025-02-09,CLI00038,MG,PRD00010,41.22,13,2025-02-01,535.86
187,2024-10-21,CLI00078,RS,PRD00010,83.61,19,2024-10-01,1588.59
188,2025-04-19,CLI00048,RJ,PRD00003,31.77,18,2025-04-01,571.86
189,2025-03-19,CLI00068,SP,PRD00002,34.89,18,2025-03-01,628.02
190,2024-10-26,CLI00030,MG,PRD00002,95.65,10,2024-10-01,956.5
191,2024-10-27,CLI00065,BA,PRD00006,94.95,6,2024-10-01,569.7
192,2024-12-17,CLI00034,BA,PRD00001,31.56,14,2024-12-01,441.84
193,2024-11-21,CLI00076,RS,PRD00001,75.4,13,2024-11-01,980.2
194,2024-05-17,CLI00100,BA,PRD00003,59.0,3,2024-05-01,177.0
195,2024-06-25,CLI00076,RJ,PRD00002,56.67,4,2024-06-01,226.68
196,2024-10-28,CLI00068,RJ,PRD00009,31.58,20,2024-10-01,631.5999999999999
197,2024-10-04,CLI00028,RS,PRD00007,38.92,3,2024-10-01,116.76
198,2024-08-01,CLI00045,RS,PRD00006,67.75,6,2024-08-01,406.5
199,2024-06-16,CLI00010,RJ,PRD00007,59.72,1,2024-06-01,59.72
200,2024-07-05,CLI00031,SP,PRD00008,22.02,3,2024-07-01,66.06
201,2024-10-10,CLI00081,RS,PRD00003,95.13,8,2024-10-01,761.04
202,2024-05-26,CLI00035,BA,PRD00004,35.65,12,2024-05-01,427.79999999999995
203,2024-12-29,CLI00059,BA,PRD00005,59.54,10,2024-12-01,595.4
204,2024-12-13,CLI00049,RJ,PRD00009,24.55,18,2024-12-01,441.90000000000003
205,2024-11-09,CLI00089,BA,PRD00001,21.92,20,2024-11-01,438.40000000000003
206,2025-03-10,CLI00033,SP,PRD00005,80.25,13,2025-03-01,1043.25
207,2025-03-01,CLI00029,RS,PRD00005,53.28,6,2025-03-01,319.68
208,2024-06-06,CLI00019,MG,PRD00006,56.2,1,2024-06-01,56.2
209,2024-06-13,CLI00067,MG,PRD00007,66.54,18,2024-06-01,1197.72
210,2024-06-05,CLI00017,MG,PRD00010,21.67,10,2024-06-01,216.70000000000002
211,2025-01-19,CLI00041,BA,PRD00001,87.12,11,2025-01-01,958.32
212,2025-04-24,CLI00051,RJ,PRD00007,58.13,12,2025-04-01,697.5600000000001
213,2025-02-26,CLI00002,SP,PRD00009,90.2,2,2025-02-01,180.4
214,2024-07-31,CLI00014,SP,PRD00003,56.4,16,2024-07-01,902.4
215,2025-03-22,CLI00094,SP,PRD00005,44.29,18,2025-03-01,797.22
216,2025-01-09,CLI00001,MG,PRD00005,61.15,20,2025-01-01,1223.0
217,2025-04-01,CLI00090,SP,PRD00006,84.43,9,2025-04-01,759.8700000000001
218,2024-11-24,CLI00022,RS,PRD00010,51.85,14,2024-11-01,725.9
219,2024-05-22,CLI00064,MG,PRD00010,42.57,10,2024-05-01,425.7
220,2025-02-25,CLI00049,BA,PRD00003,69.03,14,2025-02-01,966.4200000000001
221,2025-02-18,CLI00018,RJ,PRD00009,73.49,17,2025-02-01,1249.33
222,2024-07-29,CLI00019,SP,PRD00004,65.65,18,2024-07-01,1181.7
223,2025-04-08,CLI00070,BA,PRD00006,30.38,6,2025-04-01,182.28
224,2024-07-04,CLI00079,SP,PRD00001,32.29,16,2024-07-01,516.64
225,2025-04-02,CLI00008,SP,PRD00006,84.05,19,2025-04-01,1596.95
226,2024-11-27,CLI00019,RJ,PRD00001,40.31,17,2024-11-01,685.27
227,2024-08-26,CLI00015,BA,PRD00006,36.46,20,2024-08-01,729.2
228,2024-08-08,CLI00075,SP,PRD00005,55.88,5,2024-08-01,279.40000000000003
229,2024-11-30,CLI00022,MG,PRD00001,86.13,17,2024-11-01,1464.21
230,2024-10-29,CLI00087,RJ,PRD00005,42.84,6,2024-10-01,257.04
231,2024-09-12,CLI00009,MG,PRD00005,21.87,4,2024-09-01,87.48
232,2024-05-23,CLI00088,SP,PRD00002,76.93,2,2024-05-01,153.86
233,2025-03-31,CLI00052,SP,PRD00002,99.68,2,2025-03-01,199.36
234,2024-09-20,CLI00060,MG,PRD00004,35.69,5,2024-09-01,178.45
235,2024-10-06,CLI00062,RJ,PRD00004,96.54,13,2024-10-01,1255.02
236,2024-10-03,CLI00045,MG,PRD00010,27.31,20,2024-10-01,546.1999999999999
237,2024-09-30,CLI00040,BA,PRD00005,69.33,9,2024-09-01,623.97
238,2024-09-29,CLI00009,BA,PRD00005,24.36,17,2024-09-01,414.12
239,2025-04-05,CLI00010,MG,PRD00006,73.43,7,2025-04-01,514.01
240,2025-03-18,CLI00007,RS,PRD00007,90.38,17,2025-03-01,1536.46
241,2024-09-04,CLI00007,SP,PRD00002,78.07,17,2024-09-01,1327.1899999999998
242,2024-09-23,CLI00063,RS,PRD00006,82.24,9,2024-09-01,740.16
243,2025-02-20,CLI00086,MG,PRD00001,88.18,20,2025-02-01,1763.6000000000001
244,2025-02-19,CLI00093,SP,PRD00005,94.64,10,2025-02-01,946.4
245,2025-03-19,CLI00041,BA,PRD00002,64.14,5,2025-03-01,320.7
246,2024-08-06,CLI00100,MG,PRD00001,36.92,19,2024-08-01,701.48
247,2025-04-11,CLI00009,SP,PRD00001,21.69,19,2025-04-01,412.11
248,2024-06-19,CLI00023,RJ,PRD00008,46.22,17,2024-06-01,785.74
249,2024-12-26,CLI00006,RJ,PRD00002,61.48,4,2024-12-01,245.92
250,2024-05-19,CLI00064,RJ,PRD00007,42.56,18,2024-05-01,766.08
251,2024-10-31,CLI00087,BA,PRD00001,30.05,13,2024-10-01,390.65000000000003
252,2024-12-31,CLI00084,SP,PRD00003,31.35,4,2024-12-01,125.4
253,2025-02-12,CLI00069,BA,PRD00010,65.6,12,2025-02-01,787.1999999999999
254,2024-10-07,CLI00008,RS,PRD00004,46.19,11,2024-10-01,508.09
255,2025-04-22,CLI00023,MG,PRD00004,20.1,20,2025-04-01,402.0
256,2024-05-22,CLI00078,RJ,PRD00006,74.2,17,2024-05-01,1261.4
257,2024-11-27,CLI00100,SP,PRD00010,35.83,12,2024-11-01,429.96
258,2024-07-18,CLI00057,RJ,PRD00003,64.06,10,2024-07-01,640.6
259,2024-05-12,CLI00002,SP,PRD00009,34.87,9,2024-05-01,313.83
260,2024-06-20,CLI00014,SP,PRD00002,91.32,8,2024-06-01,730.56
261,2025-01-15,CLI00065,RS,PRD00004,49.03,13,2025-01-01,637.39
262,2024-11-02,CLI00025,MG,PRD00003,73.9,5,2024-11-01,369.5
263,2025-04-15,CLI00084,MG,PRD00002,84.47,11,2025-04-01,929.17
264,2025-03-09,CLI00008,BA,PRD00008,51.33,19,2025-03-01,975.27
265,2024-07-06,CLI00094,BA,PRD00005,69.17,6,2024-07-01,415.02
266,2024-09-15,CLI00062,SP,PRD00007,66.91,11,2024-09-01,736.01
267,2024-08-02,CLI00037,RJ,PRD00008,90.01,20,2024-08-01,1800.2
268,2024-05-13,CLI00020,RS,PRD00003,74.24,12,2024-05-01,890.8799999999999
269,2025-02-19,CLI00016,BA,PRD00007,64.15,9,2025-02-01,577.35
270,2024-10-01,CLI00099,BA,PRD00002,43.2,17,2024-10-01,734.4000000000001
271,2024-08-02,CLI00015,RJ,PRD00005,45.2,19,2024-08-01,858.8000000000001
272,2024-06-12,CLI00093,RJ,PRD00001,93.3,12,2024-06-01,1119.6
273,2024-07-02,CLI00004,RJ,PRD00003,56.83,16,2024-07-01,909.28
274,2024-10-26,CLI00071,MG,PRD00004,44.08,2,2024-10-01,88.16
275,2024-07-05,CLI00047,MG,PRD00008,93.61,17,2024-07-01,1591.37
276,2024-07-20,CLI00050,BA,PRD00003,43.37,5,2024-07-01,216.85
277,2024-05-28,CLI00024,SP,PRD00002,38.78,19,2024-05-01,736.82
278,2024-10-28,CLI00076,BA,PRD00006,95.1,15,2024-10-01,1426.5
279,2024-07-19,CLI00092,BA,PRD00007,53.31,5,2024-07-01,266.55
280,2024-07-29,CLI00071,BA,PRD00006,26.1,19,2024-07-01,495.90000000000003
281,2025-05-02,CLI00099,BA,PRD00001,24.23,10,2025-05-01,242.3
282,2024-05-09,CLI00002,SP,PRD00005,94.6,9,2024-05-01,851.4
283,2024-06-03,CLI00037,SP,PRD00009,56.33,2,2024-06-01,112.66
284,2024-07-25,CLI00006,MG,PRD00008,65.1,20,2024-07-01,1302.0
285,2024-12-05,CLI00038,RJ,PRD00010,30.71,9,2024-12-01,276.39
286,2025-03-26,CLI00034,RJ,PRD00008,28.76,6,2025-03-01,172.56
287,2024-07-13,CLI00011,RS,PRD00005,63.16,10,2024-07-01,631.5999999999999
288,2025-01-11,CLI00063,BA,PRD00001,84.35,15,2025-01-01,1265.25
289,2025-01-12,CLI00012,SP,PRD00009,49.39,19,2025-01-01,938.41
290,2024-10-28,CLI00085,RS,PRD00001,20.35,15,2024-10-01,305.25
291,2024-08-16,CLI00024,RJ,PRD00002,46.43,12,2024-08-01,557.16
292,2024-05-08,CLI00018,BA,PRD00006,36.63,3,2024-05-01,109.89000000000001
293,2025-03-02,CLI00049,BA,PRD00002,41.26,19,2025-03-01,783.9399999999999
294,2024-07-20,CLI00089,SP,PRD00001,73.18,16,2024-07-01,1170.88
295,2025-03-10,CLI00013,BA,PRD00003,48.89,19,2025-03-01,928.91
296,2025-01-20,CLI00034,RS,PRD00009,51.04,11,2025-01-01,561.4399999999999
297,2024-07-24,CLI00087,MG,PRD00005,75.96,11,2024-07-01,835.56
298,2024-09-14,CLI00039,MG,PRD00007,67.48,16,2024-09-01,1079.68
299,2025-01-11,CLI00086,SP,PRD00010,88.21,5,2025-01-01,441.04999999999995
300,2025-05-02,CLI00100,BA,PRD00007,89.05,19,2025-05-01,1691.95
301,2024-10-15,CLI00040,MG,PRD00005,86.97,16,2024-10-01,1391.52
302,2024-11-06,CLI00005,RS,PRD00001,69.39,3,2024-11-01,208.17000000000002
303,2024-08-23,CLI00073,SP,PRD00006,71.46,15,2024-08-01,1071.8999999999999
304,2024-05-13,CLI00011,RJ,PRD00002,20.02,9,2024-05-01,180.18
305,2025-01-06,CLI00005,BA,PRD00006,90.31,20,2025-01-01,1806.2
306,2024-08-14,CLI00021,SP,PRD00006,80.43,15,2024-08-01,1206.45
307,2025-03-16,CLI00095,RS,PRD00006,62.88,5,2025-03-01,314.40000000000003
308,2024-10-17,CLI00010,RJ,PRD00006,61.95,8,2024-10-01,495.6
309,2024-09-01,CLI00031,BA,PRD00010,88.02,17,2024-09-01,1496.34
310,2024-12-22,CLI00028,RJ,PRD00002,98.34,11,2024-12-01,1081.74
311,2024-06-11,CLI00089,SP,PRD00007,66.14,18,2024-06-01,1190.52
312,2024-09-26,CLI00016,RS,PRD00008,96.89,10,2024-09-01,968.9
313,2024-08-16,CLI00052,BA,PRD00001,88.37,4,2024-08-01,353.48
314,2025-04-06,CLI00097,BA,PRD00009,30.37,15,2025-04-01,455.55
315,2024-10-30,CLI00041,MG,PRD00008,60.91,2,2024-10-01,121.82
316,2024-09-03,CLI00052,MG,PRD00005,35.54,4,2024-09-01,142.16
317,2024-12-10,CLI00099,RS,PRD00005,31.32,7,2024-12-01,219.24
318,2024-11-26,CLI00043,RS,PRD00006,67.35,15,2024-11-01,1010.2499999999999
319,2024-09-09,CLI00067,SP,PRD00010,27.89,5,2024-09-01,139.45
320,2025-04-30,CLI00069,BA,PRD00010,43.64,2,2025-04-01,87.28
321,2025-03-01,CLI00022,SP,PRD00004,72.59,9,2025-03-01,653.3100000000001
322,2025-05-05,CLI00067,MG,PRD00007,31.8,15,2025-05-01,477.0
323,2025-05-06,CLI00081,RS,PRD00005,25.4,20,2025-05-01,508.0
324,2024-06-28,CLI00026,BA,PRD00007,37.0,13,2024-06-01,481.0
325,2025-04-09,CLI00084,RS,PRD00001,44.74,9,2025-04-01,402.66
326,2024-09-13,CLI00089,MG,PRD00005,96.65,16,2024-09-01,1546.4
327,2024-07-12,CLI00026,MG,PRD00010,41.68,1,2024-07-01,41.68
328,2024-06-15,CLI00047,RS,PRD00001,62.97,10,2024-06-01,629.7
329,2025-01-23,CLI00001,RJ,PRD00005,84.32,8,2025-01-01,674.56
330,2024-10-06,CLI00037,RS,PRD00007,35.01,18,2024-10-01,630.18
331,2024-09-04,CLI00015,BA,PRD00008,84.46,19,2024-09-01,1604.7399999999998
332,2024-12-14,CLI00053,SP,PRD00009,66.32,18,2024-12-01,1193.7599999999998
333,2024-08-15,CLI00097,BA,PRD00001,88.91,16,2024-08-01,1422.56
334,2025-05-02,CLI00065,SP,PRD00003,52.64,4,2025-05-01,210.56
335,2024-05-27,CLI00047,MG,PRD00002,60.89,7,2024-05-01,426.23
336,2024-08-01,CLI00093,MG,PRD00004,29.74,2,2024-08-01,59.48
337,2024-06-13,CLI00088,RS,PRD00009,79.71,2,2024-06-01,159.42
338,2024-05-21,CLI00015,MG,PRD00006,52.54,1,2024-05-01,52.54
339,2024-10-17,CLI00075,MG,PRD00009,37.14,16,2024-10-01,594.24
340,2024-09-29,CLI00026,BA,PRD00004,60.17,5,2024-09-01,300.85
341,2025-03-28,CLI00031,RS,PRD00008,82.71,15,2025-03-01,1240.6499999999999
342,2024-08-03,CLI00061,RS,PRD00007,33.22,10,2024-08-01,332.2
343,2024-12-02,CLI00016,BA,PRD00007,36.39,6,2024-12-01,218.34
344,2024-06-03,CLI00013,BA,PRD00003,46.91,8,2024-06-01,375.28
345,2024-06-14,CLI00055,RJ,PRD00010,89.75,8,2024-06-01,718.0
346,2024-09-16,CLI00059,SP,PRD00006,46.97,3,2024-09-01,140.91
347,2025-01-03,CLI00097,RS,PRD00010,81.59,5,2025-01-01,407.95000000000005
348,2024-06-17,CLI00045,BA,PRD00008,38.48,9,2024-06-01,346.32
349,2024-10-31,CLI00098,MG,PRD00001,94.17,4,2024-10-01,376.68
350,2024-08-25,CLI00043,RJ,PRD00008,91.39,20,2024-08-01,1827.8
351,2025-05-07,CLI00062,MG,PRD00007,44.29,20,2025-05-01,885.8
352,2024-06-11,CLI00077,MG,PRD00003,85.87,10,2024-06-01,858.7
353,2024-09-11,CLI00040,BA,PRD00002,30.33,18,2024-09-01,545.9399999999999
354,2024-05-08,CLI00051,SP,PRD00002,20.81,20,2024-05-01,416.2
355,2024-06-13,CLI00076,BA,PRD00003,90.77,11,2024-06-01,998.4699999999999
356,2025-01-26,CLI00050,BA,PRD00010,69.07,18,2025-01-01,1243.2599999999998
357,2025-03-10,CLI00020,SP,PRD00005,62.43,11,2025-03-01,686.73
358,2024-06-28,CLI00050,SP,PRD00002,42.35,20,2024-06-01,847.0
359,2024-08-15,CLI00075,MG,PRD00005,95.19,13,2024-08-01,1237.47
360,2024-06-15,CLI00085,RS,PRD00005,71.75,2,2024-06-01,143.5
361,2025-03-30,CLI00077,MG,PRD00004,96.61,2,2025-03-01,193.22
362,2024-08-28,CLI00019,SP,PRD00008,79.36,9,2024-08-01,714.24
363,2025-04-27,CLI00077,SP,PRD00008,99.32,17,2025-04-01,1688.4399999999998
364,2024-08-09,CLI00090,BA,PRD00006,47.53,14,2024-08-01,665.4200000000001
365,2024-07-13,CLI00082,MG,PRD00008,35.62,3,2024-07-01,106.85999999999999
366,2024-06-18,CLI00059,SP,PRD00007,75.23,11,2024-06-01,827.5300000000001
367,2025-01-28,CLI00011,RJ,PRD00010,96.65,14,2025-01-01,1353.1000000000001
368,2024-09-14,CLI00018,RJ,PRD00009,71.02,20,2024-09-01,1420.3999999999999
369,2025-03-18,CLI00014,BA,PRD00007,50.43,19,2025-03-01,958.17
370,2024-11-15,CLI00019,SP,PRD00010,64.87,19,2024-11-01,1232.5300000000002
371,2024-12-29,CLI00043,RJ,PRD00006,69.74,9,2024-12-01,627.66
372,2024-10-01,CLI00052,RS,PRD00006,47.7,8,2024-10-01,381.6
373,2024-09-20,CLI00008,SP,PRD00006,38.41,12,2024-09-01,460.91999999999996
374,2025-02-10,CLI00067,MG,PRD00010,41.95,16,2025-02-01,671.2
375,2025-04-07,CLI00021,BA,PRD00008,41.78,9,2025-04-01,376.02
376,2024-09-12,CLI00036,RS,PRD00004,87.21,7,2024-09-01,610.4699999999999
377,2025-04-29,CLI00061,SP,PRD00001,28.97,11,2025-04-01,318.66999999999996
378,2024-06-19,CLI00079,MG,PRD00010,85.86,11,2024-06-01,944.46
379,2024-11-30,CLI00004,RJ,PRD00005,69.29,9,2024-11-01,623.61
380,2024-11-10,CLI00049,RJ,PRD00002,72.19,4,2024-11-01,288.76
381,2024-09-29,CLI00013,RJ,PRD00001,97.69,13,2024-09-01,1269.97
382,2025-01-16,CLI00065,MG,PRD00010,88.7,10,2025-01-01,887.0
383,2024-11-13,CLI00055,SP,PRD00009,26.87,5,2024-11-01,134.35
384,2024-08-27,CLI00044,RJ,PRD00003,70.19,8,2024-08-01,561.52
385,2024-08-06,CLI00082,BA,PRD00003,51.98,11,2024-08-01,571.78
386,2024-08-17,CLI00015,MG,PRD00002,25.21,7,2024-08-01,176.47
387,2024-10-06,CLI00026,RJ,PRD00003,56.46,8,2024-10-01,451.68
388,2024-06-11,CLI00067,BA,PRD00006,76.44,1,2024-06-01,76.44
389,2024-12-19,CLI00085,BA,PRD00006,95.45,4,2024-12-01,381.8
390,2024-06-04,CLI00043,BA,PRD00006,93.23,8,2024-06-01,745.84
391,2024-06-11,CLI00084,BA,PRD00006,89.41,1,2024-06-01,89.41
392,2024-08-01,CLI00043,RJ,PRD00003,37.4,8,2024-08-01,299.2
393,2025-01-24,CLI00007,RJ,PRD00002,85.62,15,2025-01-01,1284.3000000000002
394,2024-10-31,CLI00042,RS,PRD00007,94.78,16,2024-10-01,1516.48
395,2025-03-31,CLI00088,RS,PRD00009,56.81,20,2025-03-01,1136.2
396,2024-08-27,CLI00013,MG,PRD00001,63.54,7,2024-08-01,444.78
397,2024-07-29,CLI00090,MG,PRD00007,84.45,17,2024-07-01,1435.65
398,2024-07-19,CLI00013,RJ,PRD00005,80.36,19,2024-07-01,1526.84
399,2024-12-16,CLI00033,SP,PRD00001,38.18,18,2024-12-01,687.24
400,2025-02-14,CLI00081,SP,PRD00002,96.17,1,2025-02-01,96.17
401,2024-08-13,CLI00070,RJ,PRD00004,29.62,19,2024-08-01,562.78
402,2024-08-08,CLI00011,RJ,PRD00004,48.83,6,2024-08-01,292.98
403,2024-08-24,CLI00056,RS,PRD00006,73.13,4,2024-08-01,292.52
404,2025-03-05,CLI00043,MG,PRD00002,34.73,14,2025-03-01,486.21999999999997
405,2024-11-30,CLI00022,RJ,PRD00005,65.0,6,2024-11-01,390.0
406,2025-04-24,CLI00065,MG,PRD00003,93.23,19,2025-04-01,1771.3700000000001
407,2025-02-12,CLI00084,MG,PRD00002,89.48,20,2025-02-01,1789.6000000000001
408,2025-03-09,CLI00009,MG,PRD00008,78.21,3,2025-03-01,234.63
409,2024-07-12,CLI00011,SP,PRD00010,26.06,20,2024-07-01,521.1999999999999
410,2024-09-02,CLI00007,BA,PRD00005,68.62,15,2024-09-01,1029.3000000000002
411,2024-05-31,CLI00007,SP,PRD00009,40.86,17,2024-05-01,694.62
412,2025-01-19,CLI00028,BA,PRD00001,46.84,17,2025-01-01,796.2800000000001
413,2025-05-08,CLI00012,BA,PRD00008,98.24,16,2025-05-01,1571.84
414,2024-12-24,CLI00049,SP,PRD00002,78.24,9,2024-12-01,704.16
415,2024-09-16,CLI00060,RS,PRD00004,65.43,17,2024-09-01,1112.3100000000002
416,2025-05-06,CLI00099,BA,PRD00003,35.74,3,2025-05-01,107.22
417,2025-04-28,CLI00096,RS,PRD00009,26.3,20,2025-04-01,526.0
418,2025-05-04,CLI00090,SP,PRD00009,35.72,6,2025-05-01,214.32
419,2025-03-09,CLI00027,RS,PRD00001,95.62,7,2025-03-01,669.34
420,2024-08-18,CLI00001,RJ,PRD00010,59.64,4,2024-08-01,238.56
421,2024-08-18,CLI00043,BA,PRD00009,96.31,5,2024-08-01,481.55
422,2024-11-14,CLI00048,MG,PRD00006,48.6,1,2024-11-01,48.6
423,2024-11-23,CLI00013,MG,PRD00006,90.0,18,2024-11-01,1620.0
424,2024-11-28,CLI00058,MG,PRD00001,80.41,19,2024-11-01,1527.79
425,2024-10-06,CLI00010,RS,PRD00005,94.29,14,2024-10-01,1320.0600000000002
426,2024-11-15,CLI00078,SP,PRD00003,86.54,3,2024-11-01,259.62
427,2024-11-04,CLI00010,RJ,PRD00002,57.63,12,2024-11-01,691.5600000000001
428,2025-03-21,CLI00061,BA,PRD00009,25.59,3,2025-03-01,76.77
429,2025-04-18,CLI00056,RS,PRD00009,69.1,15,2025-04-01,1036.5
430,2024-08-25,CLI00033,RS,PRD00004,68.15,18,2024-08-01,1226.7
431,2024-09-15,CLI00021,SP,PRD00007,78.34,5,2024-09-01,391.70000000000005
432,2025-02-16,CLI00058,SP,PRD00004,87.29,12,2025-02-01,1047.48
433,2024-09-22,CLI00090,RS,PRD00005,77.46,19,2024-09-01,1471.7399999999998
434,2024-05-31,CLI00084,SP,PRD00002,45.08,2,2024-05-01,90.16
435,2024-07-31,CLI00098,SP,PRD00008,37.18,14,2024-07-01,520.52
436,2025-01-08,CLI00005,RS,PRD00007,79.79,14,2025-01-01,1117.0600000000002
437,2025-01-15,CLI00004,RS,PRD00002,95.06,13,2025-01-01,1235.78
438,2024-06-14,CLI00011,BA,PRD00008,35.03,18,2024-06-01,630.54
439,2024-10-05,CLI00007,RS,PRD00005,55.87,11,2024-10-01,614.5699999999999
440,2024-12-07,CLI00097,RS,PRD00007,78.6,16,2024-12-01,1257.6
441,2024-07-12,CLI00054,RJ,PRD00008,30.95,4,2024-07-01,123.8
442,2024-11-21,CLI00006,MG,PRD00003,96.97,18,2024-11-01,1745.46
443,2025-01-12,CLI00042,SP,PRD00010,39.29,18,2025-01-01,707.22
444,2024-07-10,CLI00005,BA,PRD00003,39.69,11,2024-07-01,436.59
445,2024-12-18,CLI00055,BA,PRD00001,21.12,14,2024-12-01,295.68
446,2024-09-28,CLI00032,MG,PRD00009,74.05,17,2024-09-01,1258.85
447,2025-03-02,CLI00087,MG,PRD00007,22.67,8,2025-03-01,181.36
448,2025-01-06,CLI00029,RS,PRD00006,31.69,8,2025-01-01,253.52
449,2025-01-18,CLI00075,BA,PRD00008,59.33,1,2025-01-01,59.33
450,2024-09-10,CLI00005,MG,PRD00007,37.33,2,2024-09-01,74.66
451,2025-02-15,CLI00025,SP,PRD00004,34.46,18,2025-02-01,620.28
452,2025-04-01,CLI00044,MG,PRD00010,65.1,13,2025-04-01,846.3
453,2024-06-29,CLI00011,SP,PRD00003,42.05,15,2024-06-01,630.75
454,2024-08-05,CLI00009,MG,PRD00010,56.59,11,2024-08-01,622.49
455,2025-01-02,CLI00031,RJ,PRD00002,61.01,12,2025-01-01,732.12
456,2025-04-24,CLI00041,RJ,PRD00008,64.81,12,2025-04-01,777.72
457,2025-01-03,CLI00097,SP,PRD00002,70.82,2,2025-01-01,141.64
458,2025-02-03,CLI00057,RJ,PRD00001,59.47,11,2025-02-01,654.17
459,2024-07-07,CLI00062,BA,PRD00007,24.45,2,2024-07-01,48.9
460,2024-06-09,CLI00033,MG,PRD00007,64.74,13,2024-06-01,841.6199999999999
461,2024-12-01,CLI00086,RJ,PRD00001,25.56,12,2024-12-01,306.71999999999997
462,2025-04-16,CLI00049,BA,PRD00010,38.58,19,2025-04-01,733.02
463,2025-02-17,CLI00081,RJ,PRD00010,39.09,15,2025-02-01,586.35
464,2024-08-17,CLI00045,MG,PRD00005,33.74,13,2024-08-01,438.62
465,2025-01-11,CLI00083,MG,PRD00005,51.71,8,2025-01-01,413.68
466,2025-02-14,CLI00100,RS,PRD00003,81.49,8,2025-02-01,651.92
467,2024-12-15,CLI00059,MG,PRD00007,31.29,2,2024-12-01,62.58
468,2024-08-30,CLI00045,RS,PRD00002,72.11,10,2024-08-01,721.1
469,2024-07-24,CLI00092,RS,PRD00010,93.38,20,2024-07-01,1867.6
470,2025-03-22,CLI00100,RJ,PRD00005,87.5,10,2025-03-01,875.0
471,2024-08-17,CLI00065,RJ,PRD00010,42.62,7,2024-08-01,298.34
472,2024-05-30,CLI00009,BA,PRD00010,29.13,8,2024-05-01,233.04
473,2024-06-16,CLI00016,BA,PRD00005,43.56,3,2024-06-01,130.68
474,2024-11-25,CLI00064,RJ,PRD00001,32.8,20,2024-11-01,656.0
475,2025-04-23,CLI00006,BA,PRD00009,32.32,13,2025-04-01,420.16
476,2024-11-12,CLI00046,BA,PRD00008,26.05,13,2024-11-01,338.65000000000003
477,2024-05-17,CLI00050,SP,PRD00010,50.42,13,2024-05-01,655.46
478,2024-10-20,CLI00016,RS,PRD00009,34.52,5,2024-10-01,172.60000000000002
479,2024-06-29,CLI00048,MG,PRD00008,34.74,10,2024-06-01,347.40000000000003
480,2024-10-21,CLI00024,SP,PRD00002,60.86,5,2024-10-01,304.3
481,2024-12-01,CLI00017,RJ,PRD00009,25.66,19,2024-12-01,487.54
482,2024-12-09,CLI00058,SP,PRD00001,68.46,15,2024-12-01,1026.8999999999999
483,2024-06-04,CLI00033,RS,PRD00010,81.07,18,2024-06-01,1459.2599999999998
484,2025-04-01,CLI00002,SP,PRD00004,26.1,19,2025-04-01,495.90000000000003
485,2024-12-12,CLI00055,SP,PRD00007,21.36,6,2024-12-01,128.16
486,2024-12-26,CLI00042,SP,PRD00002,84.8,2,2024-12-01,169.6
487,2024-06-10,CLI00025,RS,PRD00006,91.39,13,2024-06-01,1188.07
488,2024-10-29,CLI00058,RJ,PRD00005,66.96,2,2024-10-01,133.92
489,2025-05-05,CLI00097,RJ,PRD00005,65.09,2,2025-05-01,130.18
490,2024-12-26,CLI00022,MG,PRD00006,35.76,17,2024-12-01,607.92
491,2025-03-31,CLI00088,SP,PRD00001,55.82,11,2025-03-01,614.02
492,2025-04-05,CLI00014,RJ,PRD00006,32.35,3,2025-04-01,97.05000000000001
493,2024-12-12,CLI00046,RJ,PRD00009,92.75,16,2024-12-01,1484.0
494,2025-03-30,CLI00044,MG,PRD00002,97.98,14,2025-03-01,1371.72
495,2025-01-11,CLI00026,RS,PRD00001,33.84,14,2025-01-01,473.76000000000005
496,2025-01-11,CLI00100,RS,PRD00009,22.71,4,2025-01-01,90.84
497,2024-08-18,CLI00005,RJ,PRD00010,24.0,3,2024-08-01,72.0
498,2024-11-29,CLI00012,RJ,PRD00003,41.15,7,2024-11-01,288.05
499,2025-02-19,CLI00005,RS,PRD00001,26.71,14,2025-02-01,373.94
500,2025-02-25,CLI00003,SP,PRD00007,53.63,20,2025-02-01,1072.6000000000001
501,2024-11-30,CLI00041,BA,PRD00008,55.96,4,2024-11-01,223.84
502,2024-10-06,CLI00092,RS,PRD00004,86.69,8,2024-10-01,693.52
503,2025-04-13,CLI00027,RS,PRD00001,95.99,18,2025-04-01,1727.82
504,2024-08-11,CLI00094,SP,PRD00004,75.72,10,2024-08-01,757.2
505,2025-01-16,CLI00005,RS,PRD00004,46.54,18,2025-01-01,837.72
506,2024-06-27,CLI00053,MG,PRD00006,73.01,19,2024-06-01,1387.19
507,2024-11-18,CLI00086,RJ,PRD00003,35.7,15,2024-11-01,535.5
508,2024-06-17,CLI00002,SP,PRD00010,84.08,8,2024-06-01,672.64
509,2024-10-24,CLI00032,MG,PRD00002,80.49,3,2024-10-01,241.46999999999997
510,2025-04-04,CLI00046,BA,PRD00007,64.95,8,2025-04-01,519.6
511,2025-03-20,CLI00049,SP,PRD00010,20.06,3,2025-03-01,60.17999999999999
512,2024-11-13,CLI00061,RS,PRD00008,24.84,15,2024-11-01,372.6
513,2024-09-29,CLI00038,SP,PRD00006,79.67,14,2024-09-01,1115.38
514,2024-07-30,CLI00029,SP,PRD00008,32.75,2,2024-07-01,65.5
515,2025-03-06,CLI00079,SP,PRD00008,52.97,3,2025-03-01,158.91
516,2025-05-01,CLI00041,RJ,PRD00005,97.53,5,2025-05-01,487.65
517,2024-05-16,CLI00048,MG,PRD00005,78.6,1,2024-05-01,78.6
518,2024-09-15,CLI00048,MG,PRD00002,40.36,2,2024-09-01,80.72
519,2024-07-10,CLI00019,RS,PRD00003,68.3,18,2024-07-01,1229.3999999999999
520,2024-12-23,CLI00038,MG,PRD00005,90.69,4,2024-12-01,362.76
521,2024-08-13,CLI00093,RJ,PRD00001,68.55,20,2024-08-01,1371.0
522,2025-01-19,CLI00099,RJ,PRD00002,59.45,1,2025-01-01,59.45
523,2025-04-22,CLI00035,BA,PRD00004,97.27,16,2025-04-01,1556.32
524,2025-02-13,CLI00093,RS,PRD00006,97.87,9,2025-02-01,880.83
525,2024-10-22,CLI00079,SP,PRD00008,70.89,5,2024-10-01,354.45
526,2025-02-03,CLI00048,RS,PRD00004,22.18,2,2025-02-01,44.36
527,2025-03-24,CLI00028,RS,PRD00007,56.01,20,2025-03-01,1120.2
528,2024-09-12,CLI00045,BA,PRD00005,73.36,7,2024-09-01,513.52
529,2024-11-14,CLI00084,BA,PRD00006,21.93,17,2024-11-01,372.81
530,2024-07-20,CLI00091,RS,PRD00009,73.13,8,2024-07-01,585.04
531,2025-02-19,CLI00019,RS,PRD00008,25.03,15,2025-02-01,375.45000000000005
532,2024-07-01,CLI00068,BA,PRD00005,94.24,18,2024-07-01,1696.32
533,2025-04-01,CLI00049,RS,PRD00010,42.08,10,2025-04-01,420.79999999999995
534,2025-04-17,CLI00011,RJ,PRD00009,97.99,5,2025-04-01,489.95
535,2024-09-28,CLI00006,SP,PRD00004,31.01,10,2024-09-01,310.1
536,2024-12-28,CLI00028,RJ,PRD00002,87.34,12,2024-12-01,1048.08
537,2025-01-10,CLI00008,MG,PRD00009,28.99,15,2025-01-01,434.84999999999997
538,2025-01-27,CLI00007,MG,PRD00005,29.52,1,2025-01-01,29.52
539,2025-04-28,CLI00041,BA,PRD00003,60.7,19,2025-04-01,1153.3
540,2025-03-26,CLI00082,MG,PRD00009,22.03,15,2025-03-01,330.45000000000005
541,2024-07-27,CLI00015,BA,PRD00008,87.33,3,2024-07-01,261.99
542,2025-03-14,CLI00100,BA,PRD00001,40.12,16,2025-03-01,641.92
543,2024-06-23,CLI00074,SP,PRD00007,32.66,15,2024-06-01,489.9
544,2024-12-27,CLI00073,RS,PRD00009,78.24,6,2024-12-01,469.43999999999994
545,2024-12-22,CLI00093,RS,PRD00010,58.17,1,2024-12-01,58.17
546,2024-08-30,CLI00086,RS,PRD00001,66.98,10,2024-08-01,669.8000000000001
547,2025-05-07,CLI00074,BA,PRD00008,38.89,13,2025-05-01,505.57
548,2024-05-23,CLI00075,MG,PRD00007,67.88,12,2024-05-01,814.56
549,2024-05-16,CLI00068,RS,PRD00004,76.58,3,2024-05-01,229.74
550,2024-10-12,CLI00029,MG,PRD00009,45.8,19,2024-10-01,870.1999999999999
551,2024-08-04,CLI00025,RS,PRD00004,39.27,15,2024-08-01,589.0500000000001
552,2024-05-10,CLI00052,RJ,PRD00005,42.16,1,2024-05-01,42.16
553,2025-01-23,CLI00023,SP,PRD00008,55.6,16,2025-01-01,889.6
554,2025-02-09,CLI00023,MG,PRD00005,75.65,10,2025-02-01,756.5
555,2025-04-17,CLI00042,RS,PRD00004,38.73,9,2025-04-01,348.57
556,2024-06-26,CLI00030,RJ,PRD00001,44.9,2,2024-06-01,89.8
557,2025-02-19,CLI00026,MG,PRD00003,35.73,2,2025-02-01,71.46
558,2025-02-26,CLI00074,MG,PRD00001,62.89,1,2025-02-01,62.89
559,2024-11-18,CLI00018,RJ,PRD00006,41.46,12,2024-11-01,497.52
560,2025-03-14,CLI00048,SP,PRD00008,60.07,4,2025-03-01,240.28
561,2024-12-18,CLI00002,MG,PRD00009,58.74,11,2024-12-01,646.14
562,2024-05-18,CLI00026,RJ,PRD00004,93.12,11,2024-05-01,1024.3200000000002
563,2024-11-13,CLI00017,MG,PRD00010,80.26,20,2024-11-01,1605.2
564,2024-08-14,CLI00029,MG,PRD00010,58.25,10,2024-08-01,582.5
565,2024-11-20,CLI00035,SP,PRD00001,29.08,18,2024-11-01,523.4399999999999
566,2024-06-12,CLI00061,RJ,PRD00008,75.37,5,2024-06-01,376.85
567,2025-02-07,CLI00042,MG,PRD00010,66.81,2,2025-02-01,133.62
568,2025-01-18,CLI00089,MG,PRD00005,29.91,15,2025-01-01,448.65
569,2025-04-07,CLI00054,RS,PRD00001,64.66,19,2025-04-01,1228.54
570,2024-10-18,CLI00047,MG,PRD00003,45.16,5,2024-10-01,225.79999999999998
571,2025-02-11,CLI00069,MG,PRD00010,75.38,10,2025-02-01,753.8
572,2024-07-14,CLI00095,RJ,PRD00006,72.29,19,2024-07-01,1373.5100000000002
573,2025-03-28,CLI00022,SP,PRD00007,28.74,11,2025-03-01,316.14
574,2024-07-24,CLI00082,BA,PRD00003,90.04,11,2024-07-01,990.44
575,2024-06-11,CLI00057,BA,PRD00006,91.91,1,2024-06-01,91.91
576,2024-09-19,CLI00040,RS,PRD00002,26.23,3,2024-09-01,78.69
577,2025-03-29,CLI00018,SP,PRD00006,85.18,14,2025-03-01,1192.52
578,2024-09-25,CLI00023,BA,PRD00010,21.91,1,2024-09-01,21.91
579,2025-03-10,CLI00084,MG,PRD00003,45.7,11,2025-03-01,502.70000000000005
580,2024-09-13,CLI00013,BA,PRD00003,65.32,14,2024-09-01,914.4799999999999
581,2024-05-08,CLI00017,RJ,PRD00004,35.07,14,2024-05-01,490.98
582,2024-11-25,CLI00072,SP,PRD00003,46.64,5,2024-11-01,233.2
583,2025-04-06,CLI00086,RS,PRD00009,78.84,4,2025-04-01,315.36
584,2024-12-23,CLI00070,SP,PRD00005,42.73,20,2024-12-01,854.5999999999999
585,2024-09-24,CLI00060,MG,PRD00002,47.89,2,2024-09-01,95.78
586,2024-12-16,CLI00016,RJ,PRD00003,59.2,6,2024-12-01,355.20000000000005
587,2024-07-17,CLI00056,SP,PRD00002,46.64,14,2024-07-01,652.96
588,2025-03-30,CLI00079,MG,PRD00001,48.29,6,2025-03-01,289.74
589,2024-10-23,CLI00045,MG,PRD00003,35.95,18,2024-10-01,647.1
590,2025-01-30,CLI00033,RS,PRD00003,90.29,17,2025-01-01,1534.93
591,2025-01-19,CLI00008,RJ,PRD00009,70.93,19,2025-01-01,1347.67
592,2025-01-31,CLI00049,BA,PRD00010,24.69,12,2025-01-01,296.28000000000003
593,2024-11-25,CLI00086,RJ,PRD00008,76.56,3,2024-11-01,229.68
594,2024-11-14,CLI00094,SP,PRD00002,66.11,19,2024-11-01,1256.09
595,2024-06-19,CLI00029,SP,PRD00010,46.37,3,2024-06-01,139.10999999999999
596,2024-06-16,CLI00014,MG,PRD00009,38.04,20,2024-06-01,760.8
597,2025-03-03,CLI00097,SP,PRD00004,89.47,1,2025-03-01,89.47
598,2025-01-22,CLI00028,SP,PRD00010,21.7,12,2025-01-01,260.4
599,2024-12-05,CLI00025,BA,PRD00008,34.42,16,2024-12-01,550.72
600,2025-02-22,CLI00012,RJ,PRD00003,36.84,8,2025-02-01,294.72
601,2024-10-17,CLI00095,BA,PRD00001,51.93,7,2024-10-01,363.51
602,2024-08-19,CLI00027,BA,PRD00002,35.85,7,2024-08-01,250.95000000000002
603,2024-12-13,CLI00026,RS,PRD00005,34.43,1,2024-12-01,34.43
604,2024-07-16,CLI00094,RJ,PRD00003,37.14,18,2024-07-01,668.52
605,2024-11-22,CLI00046,MG,PRD00006,42.05,6,2024-11-01,252.29999999999998
606,2024-05-25,CLI00099,MG,PRD00002,64.91,18,2024-05-01,1168.3799999999999
607,2024-11-26,CLI00027,BA,PRD00004,28.93,9,2024-11-01,260.37
608,2024-08-25,CLI00012,SP,PRD00007,39.04,20,2024-08-01,780.8
609,2025-01-14,CLI00066,RS,PRD00006,55.84,9,2025-01-01,502.56000000000006
610,2024-09-12,CLI00065,BA,PRD00006,64.21,5,2024-09-01,321.04999999999995
611,2024-08-03,CLI00012,RJ,PRD00002,79.54,12,2024-08-01,954.48
612,2024-05-19,CLI00053,BA,PRD00008,59.58,17,2024-05-01,1012.86
613,2025-02-19,CLI00044,SP,PRD00007,77.98,16,2025-02-01,1247.68
614,2024-07-10,CLI00039,RJ,PRD00010,32.09,7,2024-07-01,224.63000000000002
615,2024-10-07,CLI00079,BA,PRD00001,55.41,7,2024-10-01,387.87
616,2025-05-02,CLI00046,RS,PRD00008,86.95,5,2025-05-01,434.75
617,2024-08-03,CLI00001,RJ,PRD00002,80.09,5,2024-08-01,400.45000000000005
618,2025-01-30,CLI00001,RJ,PRD00007,93.13,7,2025-01-01,651.91
619,2024-06-11,CLI00055,BA,PRD00009,21.86,18,2024-06-01,393.48
620,2025-04-15,CLI00089,MG,PRD00003,96.33,10,2025-04-01,963.3
621,2024-09-03,CLI00012,SP,PRD00009,74.88,8,2024-09-01,599.04
622,2024-07-09,CLI00070,SP,PRD00004,27.22,18,2024-07-01,489.96
623,2024-06-13,CLI00097,BA,PRD00008,26.29,3,2024-06-01,78.87
624,2025-01-27,CLI00002,RJ,PRD00004,70.6,13,2025-01-01,917.8
625,2024-10-21,CLI00023,RS,PRD00001,34.59,19,2024-10-01,657.21
626,2025-04-03,CLI00049,SP,PRD00002,26.14,3,2025-04-01,78.42
627,2024-07-16,CLI00021,RJ,PRD00006,35.85,13,2024-07-01,466.05
628,2025-02-25,CLI00028,BA,PRD00003,78.75,19,2025-02-01,1496.25
629,2024-11-19,CLI00036,RJ,PRD00008,94.99,3,2024-11-01,284.96999999999997
630,2024-06-23,CLI00094,BA,PRD00010,88.39,18,2024-06-01,1591.02
631,2025-02-08,CLI00056,RS,PRD00002,85.57,16,2025-02-01,1369.12
632,2025-01-26,CLI00029,RJ,PRD00010,53.64,1,2025-01-01,53.64
633,2024-07-21,CLI00009,SP,PRD00002,59.0,8,2024-07-01,472.0
634,2025-04-15,CLI00090,MG,PRD00002,55.51,12,2025-04-01,666.12
635,2024-09-28,CLI00058,RS,PRD00004,37.12,3,2024-09-01,111.35999999999999
636,2024-12-26,CLI00032,RJ,PRD00006,34.36,15,2024-12-01,515.4
637,2025-02-15,CLI00083,RS,PRD00003,38.55,4,2025-02-01,154.2
638,2025-05-07,CLI00089,MG,PRD00001,80.42,17,2025-05-01,1367.14
639,2025-01-08,CLI00083,SP,PRD00008,20.08,18,2025-01-01,361.43999999999994
640,2024-09-15,CLI00031,BA,PRD00007,46.24,4,2024-09-01,184.96
641,2024-10-08,CLI00097,MG,PRD00002,27.74,6,2024-10-01,166.44
642,2025-04-11,CLI00044,MG,PRD00002,82.48,3,2025-04-01,247.44
643,2025-01-17,CLI00091,MG,PRD00008,63.31,19,2025-01-01,1202.89
644,2024-10-10,CLI00079,SP,PRD00005,76.39,12,2024-10-01,916.6800000000001
645,2024-11-02,CLI00099,RS,PRD00004,25.2,5,2024-11-01,126.0
646,2025-04-25,CLI00031,RJ,PRD00005,38.86,12,2025-04-01,466.32
647,2024-08-03,CLI00054,BA,PRD00005,84.65,14,2024-08-01,1185.1000000000001
648,2025-02-08,CLI00037,MG,PRD00001,75.48,8,2025-02-01,603.84
649,2025-03-12,CLI00064,MG,PRD00003,77.06,18,2025-03-01,1387.08
650,2025-01-17,CLI00097,SP,PRD00006,77.8,4,2025-01-01,311.2
651,2024-12-13,CLI00013,SP,PRD00010,41.89,19,2024-12-01,795.91
652,2024-12-28,CLI00083,RS,PRD00008,52.85,2,2024-12-01,105.7
653,2025-04-10,CLI00010,SP,PRD00010,67.71,8,2025-04-01,541.68
654,2024-07-01,CLI00074,MG,PRD00005,44.27,19,2024-07-01,841.1300000000001
655,2024-09-14,CLI00034,RS,PRD00010,40.93,4,2024-09-01,163.72
656,2024-10-09,CLI00057,MG,PRD00002,81.48,16,2024-10-01,1303.68
657,2024-08-01,CLI00008,MG,PRD00003,58.77,11,2024-08-01,646.47
658,2024-11-24,CLI00064,SP,PRD00004,46.61,16,2024-11-01,745.76
659,2024-09-21,CLI00009,RJ,PRD00004,67.19,15,2024-09-01,1007.8499999999999
660,2024-06-06,CLI00003,RJ,PRD00001,74.29,6,2024-06-01,445.74
661,2024-09-18,CLI00008,RS,PRD00003,83.74,15,2024-09-01,1256.1
662,2024-09-09,CLI00047,RS,PRD00006,64.69,10,2024-09-01,646.9
663,2024-05-29,CLI00081,RS,PRD00003,85.83,4,2024-05-01,343.32
664,2024-09-25,CLI00087,SP,PRD00005,63.43,17,2024-09-01,1078.31
665,2025-04-23,CLI00033,MG,PRD00010,70.36,10,2025-04-01,703.6
666,2025-01-15,CLI00058,RS,PRD00004,20.36,17,2025-01-01,346.12
667,2024-08-25,CLI00015,SP,PRD00009,47.57,19,2024-08-01,903.83
668,2024-05-19,CLI00031,RS,PRD00007,89.52,9,2024-05-01,805.68
669,2025-01-09,CLI00056,RJ,PRD00005,29.18,13,2025-01-01,379.34
670,2025-04-27,CLI00095,MG,PRD00008,67.13,13,2025-04-01,872.6899999999999
671,2025-01-12,CLI00034,BA,PRD00004,69.5,12,2025-01-01,834.0
672,2024-06-24,CLI00006,RJ,PRD00010,95.21,3,2024-06-01,285.63
673,2025-03-28,CLI00047,SP,PRD00010,59.05,9,2025-03-01,531.4499999999999
674,2025-03-16,CLI00093,RS,PRD00010,86.95,2,2025-03-01,173.9
675,2024-07-29,CLI00067,RJ,PRD00007,47.65,5,2024-07-01,238.25
676,2024-06-20,CLI00039,SP,PRD00006,88.66,5,2024-06-01,443.29999999999995
677,2024-08-14,CLI00063,RS,PRD00006,38.43,1,2024-08-01,38.43
678,2024-08-07,CLI00011,RS,PRD00001,31.32,6,2024-08-01,187.92000000000002
679,2024-07-20,CLI00024,BA,PRD00003,94.09,19,2024-07-01,1787.71
680,2024-07-08,CLI00010,SP,PRD00005,96.29,12,2024-07-01,1155.48
681,2024-08-19,CLI00065,SP,PRD00003,43.94,12,2024-08-01,527.28
682,2025-02-20,CLI00046,MG,PRD00010,81.32,14,2025-02-01,1138.48
683,2024-05-22,CLI00081,BA,PRD00004,57.42,17,2024-05-01,976.14
684,2025-04-11,CLI00079,MG,PRD00003,98.33,17,2025-04-01,1671.61
685,2025-03-15,CLI00068,RS,PRD00009,54.71,18,2025-03-01,984.78
686,2024-07-26,CLI00096,MG,PRD00001,34.89,9,2024-07-01,314.01
687,2025-04-01,CLI00004,RS,PRD00008,63.05,10,2025-04-01,630.5
688,2025-01-06,CLI00049,RS,PRD00003,73.07,16,2025-01-01,1169.12
689,2024-05-16,CLI00074,RS,PRD00002,61.82,9,2024-05-01,556.38
690,2025-01-05,CLI00096,RJ,PRD00007,83.81,11,2025-01-01,921.9100000000001
691,2025-02-08,CLI00040,BA,PRD00001,93.13,3,2025-02-01,279.39
692,2024-09-10,CLI00063,SP,PRD00002,21.19,11,2024-09-01,233.09
693,2024-06-09,CLI00046,RJ,PRD00010,40.12,5,2024-06-01,200.6
694,2024-07-08,CLI00056,RS,PRD00001,91.67,18,2024-07-01,1650.06
695,2025-01-05,CLI00016,MG,PRD00008,56.17,8,2025-01-01,449.36
696,2025-01-01,CLI00064,RJ,PRD00008,73.02,15,2025-01-01,1095.3
697,2024-05-19,CLI00081,MG,PRD00007,90.39,11,2024-05-01,994.29
698,2024-09-18,CLI00031,SP,PRD00003,72.78,13,2024-09-01,946.14
699,2025-02-02,CLI00003,RJ,PRD00008,81.36,2,2025-02-01,162.72
700,2025-04-24,CLI00057,RS,PRD00010,72.21,4,2025-04-01,288.84
701,2024-11-04,CLI00043,MG,PRD00003,30.91,17,2024-11-01,525.47
702,2024-11-08,CLI00032,RS,PRD00007,45.07,18,2024-11-01,811.26
703,2024-11-08,CLI00100,RS,PRD00003,94.52,20,2024-11-01,1890.3999999999999
704,2025-01-16,CLI00006,RS,PRD00006,87.47,15,2025-01-01,1312.05
705,2024-08-30,CLI00057,BA,PRD00003,63.51,3,2024-08-01,190.53
706,2024-10-14,CLI00029,SP,PRD00007,54.64,10,2024-10-01,546.4
707,2025-02-15,CLI00049,RJ,PRD00010,35.81,20,2025-02-01,716.2
708,2024-06-24,CLI00052,BA,PRD00008,27.65,9,2024-06-01,248.85
709,2024-07-04,CLI00004,BA,PRD00004,35.52,5,2024-07-01,177.60000000000002
710,2025-05-08,CLI00053,MG,PRD00001,76.12,8,2025-05-01,608.96
711,2025-03-23,CLI00042,SP,PRD00010,71.57,1,2025-03-01,71.57
712,2024-10-13,CLI00094,BA,PRD00002,66.8,1,2024-10-01,66.8
713,2024-09-17,CLI00063,MG,PRD00004,85.45,12,2024-09-01,1025.4
714,2025-03-05,CLI00093,RJ,PRD00005,84.81,20,2025-03-01,1696.2
715,2024-09-09,CLI00049,BA,PRD00001,76.57,5,2024-09-01,382.84999999999997
716,2024-12-15,CLI00095,MG,PRD00008,55.84,2,2024-12-01,111.68
717,2024-08-09,CLI00052,RS,PRD00005,37.76,8,2024-08-01,302.08
718,2024-11-20,CLI00001,MG,PRD00007,89.63,11,2024-11-01,985.93
719,2024-05-17,CLI00026,SP,PRD00009,37.51,19,2024-05-01,712.6899999999999
720,2025-04-09,CLI00063,SP,PRD00010,90.79,5,2025-04-01,453.95000000000005
721,2024-10-19,CLI00079,RJ,PRD00002,41.34,12,2024-10-01,496.08000000000004
722,2025-02-26,CLI00025,RS,PRD00003,62.18,5,2025-02-01,310.9
723,2025-01-18,CLI00043,RS,PRD00003,93.82,19,2025-01-01,1782.58
724,2025-01-02,CLI00017,RS,PRD00003,31.81,19,2025-01-01,604.39
725,2025-03-15,CLI00053,RJ,PRD00004,97.03,17,2025-03-01,1649.51
726,2025-04-14,CLI00055,MG,PRD00009,27.28,14,2025-04-01,381.92
727,2024-12-15,CLI00049,SP,PRD00008,88.79,12,2024-12-01,1065.48
728,2024-11-09,CLI00025,RS,PRD00008,71.35,13,2024-11-01,927.55
729,2024-07-09,CLI00100,BA,PRD00006,52.25,11,2024-07-01,574.75
730,2024-07-09,CLI00007,BA,PRD00005,33.57,6,2024-07-01,201.42000000000002
731,2024-09-12,CLI00076,RS,PRD00004,90.47,9,2024-09-01,814.23
732,2025-02-16,CLI00060,BA,PRD00005,57.76,20,2025-02-01,1155.2
733,2024-08-11,CLI00002,BA,PRD00010,64.8,4,2024-08-01,259.2
734,2024-08-14,CLI00098,RJ,PRD00002,52.98,20,2024-08-01,1059.6
735,2024-12-25,CLI00023,RS,PRD00009,20.95,10,2024-12-01,209.5
736,2025-04-28,CLI00034,BA,PRD00004,76.47,8,2025-04-01,611.76
737,2024-05-27,CLI00052,RJ,PRD00010,52.86,8,2024-05-01,422.88
738,2024-05-21,CLI00054,SP,PRD00007,38.84,15,2024-05-01,582.6
739,2025-03-18,CLI00042,SP,PRD00005,32.9,8,2025-03-01,263.2
740,2024-09-18,CLI00005,BA,PRD00002,82.4,6,2024-09-01,494.40000000000003
741,2025-01-29,CLI00053,MG,PRD00006,62.59,15,2025-01-01,938.85
742,2025-01-23,CLI00044,MG,PRD00001,48.73,8,2025-01-01,389.84
743,2024-12-10,CLI00064,MG,PRD00006,82.87,19,2024-12-01,1574.5300000000002
744,2025-01-21,CLI00091,MG,PRD00004,38.38,10,2025-01-01,383.8
745,2024-08-06,CLI00044,SP,PRD00001,26.12,20,2024-08-01,522.4
746,2025-03-09,CLI00011,RJ,PRD00009,50.24,3,2025-03-01,150.72
747,2024-07-24,CLI00021,BA,PRD00005,68.7,14,2024-07-01,961.8000000000001
748,2024-06-16,CLI00012,SP,PRD00008,70.1,13,2024-06-01,911.3
749,2024-10-04,CLI00009,SP,PRD00001,59.6,15,2024-10-01,894.0
750,2024-09-28,CLI00095,MG,PRD00004,63.55,11,2024-09-01,699.05
751,2024-05-16,CLI00052,BA,PRD00001,21.56,10,2024-05-01,215.6
752,2025-03-11,CLI00019,SP,PRD00007,50.53,7,2025-03-01,353.71000000000004
753,2024-05-16,CLI00071,BA,PRD00010,31.25,6,2024-05-01,187.5
754,2025-01-02,CLI00013,SP,PRD00003,48.05,3,2025-01-01,144.14999999999998
755,2024-12-31,CLI00044,RJ,PRD00001,69.15,4,2024-12-01,276.6
756,2025-04-03,CLI00019,BA,PRD00006,66.38,20,2025-04-01,1327.6
757,2024-12-25,CLI00018,RJ,PRD00005,61.65,16,2024-12-01,986.4
758,2025-04-07,CLI00084,RS,PRD00007,46.43,10,2025-04-01,464.3
759,2024-11-10,CLI00020,BA,PRD00002,70.86,8,2024-11-01,566.88
760,2024-06-18,CLI00031,MG,PRD00007,21.77,18,2024-06-01,391.86
761,2024-08-26,CLI00018,BA,PRD00009,37.31,19,2024-08-01,708.8900000000001
762,2024-09-18,CLI00004,SP,PRD00004,28.49,3,2024-09-01,85.47
763,2024-11-04,CLI00086,SP,PRD00010,40.94,6,2024-11-01,245.64
764,2024-08-18,CLI00063,RS,PRD00001,65.77,8,2024-08-01,526.16
765,2024-10-07,CLI00036,RJ,PRD00009,83.2,6,2024-10-01,499.20000000000005
766,2024-08-03,CLI00063,RS,PRD00001,87.99,10,2024-08-01,879.9
767,2024-12-12,CLI00063,MG,PRD00004,23.25,19,2024-12-01,441.75
768,2024-09-13,CLI00094,RS,PRD00002,22.88,15,2024-09-01,343.2
769,2025-05-01,CLI00054,RS,PRD00005,34.31,20,2025-05-01,686.2
770,2024-12-20,CLI00002,RJ,PRD00010,44.49,5,2024-12-01,222.45000000000002
771,2025-03-27,CLI00028,MG,PRD00010,36.88,4,2025-03-01,147.52
772,2024-10-17,CLI00029,RJ,PRD00007,92.2,11,2024-10-01,1014.2
773,2025-01-18,CLI00018,BA,PRD00007,55.75,5,2025-01-01,278.75
774,2024-11-19,CLI00006,SP,PRD00004,43.46,15,2024-11-01,651.9
775,2025-03-22,CLI00064,BA,PRD00006,74.57,16,2025-03-01,1193.12
776,2024-08-18,CLI00021,SP,PRD00010,47.18,5,2024-08-01,235.9
777,2024-10-27,CLI00079,MG,PRD00010,59.13,4,2024-10-01,236.52
778,2025-02-07,CLI00025,RS,PRD00004,85.73,20,2025-02-01,1714.6000000000001
779,2024-06-07,CLI00001,BA,PRD00001,39.1,5,2024-06-01,195.5
780,2024-10-22,CLI00045,SP,PRD00005,34.39,15,2024-10-01,515.85
781,2024-10-22,CLI00098,BA,PRD00003,32.68,16,2024-10-01,522.88
782,2024-09-13,CLI00076,BA,PRD00007,72.24,11,2024-09-01,794.64
783,2025-02-14,CLI00055,BA,PRD00006,97.92,1,2025-02-01,97.92
784,2025-03-03,CLI00025,RS,PRD00006,26.08,7,2025-03-01,182.56
785,2024-10-31,CLI00078,MG,PRD00001,62.81,20,2024-10-01,1256.2
786,2024-12-03,CLI00082,RJ,PRD00007,72.34,10,2024-12-01,723.4000000000001
787,2024-08-11,CLI00016,SP,PRD00006,63.42,16,2024-08-01,1014.72
788,2024-05-14,CLI00078,RJ,PRD00002,50.03,7,2024-05-01,350.21000000000004
789,2024-12-16,CLI00003,MG,PRD00008,84.78,8,2024-12-01,678.24
790,2024-05-09,CLI00050,RJ,PRD00004,92.12,14,2024-05-01,1289.68
791,2024-07-02,CLI00083,MG,PRD00001,20.64,4,2024-07-01,82.56
792,2024-09-20,CLI00048,SP,PRD00002,90.55,17,2024-09-01,1539.35
793,2024-10-24,CLI00097,RJ,PRD00005,22.33,8,2024-10-01,178.64
794,2025-02-18,CLI00061,RJ,PRD00002,30.89,2,2025-02-01,61.78
795,2024-10-04,CLI00050,SP,PRD00005,88.01,20,2024-10-01,1760.2
796,2025-04-08,CLI00032,BA,PRD00003,57.73,13,2025-04-01,750.49
797,2024-06-29,CLI00002,RS,PRD00008,70.73,14,2024-06-01,990.22
798,2024-11-03,CLI00064,MG,PRD00007,27.93,11,2024-11-01,307.23
799,2024-07-15,CLI00090,SP,PRD00005,69.2,1,2024-07-01,69.2
800,2025-04-22,CLI00050,RS,PRD00002,38.26,8,2025-04-01,306.08
801,2025-04-06,CLI00026,MG,PRD00008,84.2,12,2025-04-01,1010.4000000000001
802,2024-10-22,CLI00055,BA,PRD00006,89.49,4,2024-10-01,357.96
803,2024-06-26,CLI00064,BA,PRD00007,93.55,10,2024-06-01,935.5
804,2024-10-19,CLI00064,MG,PRD00009,91.37,7,2024-10-01,639.59
805,2025-02-24,CLI00026,BA,PRD00009,93.99,2,2025-02-01,187.98
806,2024-07-11,CLI00069,MG,PRD00006,35.85,5,2024-07-01,179.25
807,2025-05-03,CLI00010,SP,PRD00006,37.87,2,2025-05-01,75.74
808,2024-12-10,CLI00056,MG,PRD00008,41.82,3,2024-12-01,125.46000000000001
809,2024-06-26,CLI00073,RJ,PRD00008,98.74,6,2024-06-01,592.4399999999999
810,2024-08-07,CLI00083,RJ,PRD00008,62.79,5,2024-08-01,313.95
811,2025-05-01,CLI00093,MG,PRD00006,50.45,8,2025-05-01,403.6
812,2024-06-12,CLI00056,RS,PRD00009,80.85,11,2024-06-01,889.3499999999999
813,2025-03-23,CLI00052,BA,PRD00002,95.28,18,2025-03-01,1715.04
814,2025-04-28,CLI00070,RS,PRD00006,58.04,5,2025-04-01,290.2
815,2025-03-11,CLI00018,MG,PRD00005,60.63,2,2025-03-01,121.26
816,2024-10-18,CLI00040,BA,PRD00007,94.57,20,2024-10-01,1891.3999999999999
817,2025-02-03,CLI00008,SP,PRD00008,61.71,10,2025-02-01,617.1
818,2024-10-17,CLI00003,RS,PRD00005,56.18,1,2024-10-01,56.18
819,2024-05-12,CLI00023,MG,PRD00010,47.73,20,2024-05-01,954.5999999999999
820,2024-07-15,CLI00096,BA,PRD00003,35.67,1,2024-07-01,35.67
821,2024-12-12,CLI00060,RS,PRD00003,28.28,16,2024-12-01,452.48
822,2024-10-25,CLI00004,RS,PRD00005,95.18,17,2024-10-01,1618.0600000000002
823,2024-08-26,CLI00029,RJ,PRD00006,88.78,12,2024-08-01,1065.3600000000001
824,2025-02-20,CLI00070,BA,PRD00003,81.11,8,2025-02-01,648.88
825,2024-11-17,CLI00028,SP,PRD00009,59.64,15,2024-11-01,894.6
826,2024-07-01,CLI00073,BA,PRD00008,95.44,18,2024-07-01,1717.92
827,2024-05-22,CLI00004,SP,PRD00009,49.02,19,2024-05-01,931.3800000000001
828,2024-10-07,CLI00048,BA,PRD00008,40.08,12,2024-10-01,480.96
829,2025-04-04,CLI00054,RS,PRD00010,62.5,14,2025-04-01,875.0
830,2025-01-21,CLI00075,SP,PRD00008,60.91,13,2025-01-01,791.8299999999999
831,2024-05-21,CLI00044,RS,PRD00005,23.23,2,2024-05-01,46.46
832,2024-07-23,CLI00079,BA,PRD00003,52.65,20,2024-07-01,1053.0
833,2025-05-08,CLI00001,MG,PRD00009,37.27,9,2025-05-01,335.43
834,2025-03-15,CLI00056,SP,PRD00010,59.75,13,2025-03-01,776.75
835,2024-12-10,CLI00056,MG,PRD00004,40.79,16,2024-12-01,652.64
836,2024-08-27,CLI00077,MG,PRD00006,62.61,15,2024-08-01,939.15
837,2024-06-25,CLI00014,BA,PRD00007,51.59,11,2024-06-01,567.49
838,2024-10-24,CLI00043,RS,PRD00009,52.06,1,2024-10-01,52.06
839,2024-06-03,CLI00096,BA,PRD00010,88.68,6,2024-06-01,532.08
840,2024-07-15,CLI00046,MG,PRD00010,54.24,15,2024-07-01,813.6
841,2025-01-14,CLI00055,SP,PRD00003,88.57,17,2025-01-01,1505.6899999999998
842,2024-12-17,CLI00078,MG,PRD00008,20.61,20,2024-12-01,412.2
843,2025-01-13,CLI00033,RS,PRD00007,61.29,4,2025-01-01,245.16
844,2024-05-11,CLI00081,RJ,PRD00010,35.58,5,2024-05-01,177.89999999999998
845,2024-06-11,CLI00050,BA,PRD00010,96.78,10,2024-06-01,967.8
846,2025-03-26,CLI00050,RJ,PRD00001,75.29,6,2025-03-01,451.74
847,2024-05-12,CLI00087,BA,PRD00008,98.49,4,2024-05-01,393.96
848,2024-07-20,CLI00056,SP,PRD00008,33.79,15,2024-07-01,506.84999999999997
849,2024-09-18,CLI00037,BA,PRD00007,64.22,8,2024-09-01,513.76
850,2024-12-08,CLI00081,SP,PRD00002,91.13,8,2024-12-01,729.04
851,2025-02-23,CLI00036,BA,PRD00009,79.43,9,2025-02-01,714.8700000000001
852,2024-11-27,CLI00098,RS,PRD00009,75.76,1,2024-11-01,75.76
853,2024-07-24,CLI00044,RJ,PRD00007,35.25,13,2024-07-01,458.25
854,2024-09-01,CLI00046,RS,PRD00002,28.99,5,2024-09-01,144.95
855,2024-08-13,CLI00091,BA,PRD00006,90.91,20,2024-08-01,1818.1999999999998
856,2024-12-02,CLI00088,BA,PRD00004,92.49,4,2024-12-01,369.96
857,2024-08-21,CLI00017,BA,PRD00009,58.25,10,2024-08-01,582.5
858,2024-10-29,CLI00048,RJ,PRD00006,86.28,17,2024-10-01,1466.76
859,2024-11-03,CLI00028,BA,PRD00005,99.82,10,2024-11-01,998.1999999999999
860,2024-05-19,CLI00074,RJ,PRD00009,43.6,20,2024-05-01,872.0
861,2024-07-13,CLI00013,BA,PRD00001,60.7,8,2024-07-01,485.6
862,2024-12-29,CLI00071,BA,PRD00007,81.0,11,2024-12-01,891.0
863,2024-06-23,CLI00080,SP,PRD00003,75.92,14,2024-06-01,1062.88
864,2025-01-03,CLI00088,BA,PRD00010,26.36,4,2025-01-01,105.44
865,2024-12-20,CLI00015,MG,PRD00010,62.59,4,2024-12-01,250.36
866,2024-06-26,CLI00020,BA,PRD00007,40.97,2,2024-06-01,81.94
867,2025-01-24,CLI00009,MG,PRD00010,72.32,14,2025-01-01,1012.4799999999999
868,2024-08-04,CLI00073,RS,PRD00008,60.3,7,2024-08-01,422.09999999999997
869,2024-08-01,CLI00016,RJ,PRD00008,23.83,7,2024-08-01,166.81
870,2025-01-03,CLI00025,BA,PRD00006,29.64,10,2025-01-01,296.4
871,2024-11-20,CLI00031,RS,PRD00008,26.9,10,2024-11-01,269.0
872,2025-01-31,CLI00079,MG,PRD00002,33.08,9,2025-01-01,297.71999999999997
873,2024-08-31,CLI00094,RS,PRD00007,65.24,7,2024-08-01,456.67999999999995
874,2025-04-17,CLI00100,RJ,PRD00003,97.63,17,2025-04-01,1659.71
875,2025-01-03,CLI00087,RS,PRD00005,50.88,16,2025-01-01,814.08
876,2024-08-15,CLI00062,RS,PRD00007,26.28,10,2024-08-01,262.8
877,2024-10-05,CLI00099,MG,PRD00009,34.3,6,2024-10-01,205.79999999999998
878,2024-07-27,CLI00051,SP,PRD00002,85.69,2,2024-07-01,171.38
879,2025-01-08,CLI00049,RS,PRD00010,45.94,6,2025-01-01,275.64
880,2024-10-15,CLI00027,MG,PRD00002,39.02,15,2024-10-01,585.3000000000001
881,2024-07-01,CLI00071,RJ,PRD00009,81.87,1,2024-07-01,81.87
882,2024-06-05,CLI00088,RJ,PRD00007,88.87,18,2024-06-01,1599.66
883,2025-01-20,CLI00074,RJ,PRD00002,39.09,16,2025-01-01,625.44
884,2025-01-11,CLI00092,MG,PRD00006,34.7,3,2025-01-01,104.10000000000001
885,2024-12-28,CLI00076,SP,PRD00010,77.71,14,2024-12-01,1087.9399999999998
886,2024-12-25,CLI00015,SP,PRD00007,88.89,12,2024-12-01,1066.68
887,2024-09-25,CLI00051,RS,PRD00008,88.91,19,2024-09-01,1689.29
888,2024-09-20,CLI00097,RS,PRD00002,72.27,16,2024-09-01,1156.32
889,2025-01-27,CLI00042,SP,PRD00005,75.33,1,2025-01-01,75.33
890,2024-09-26,CLI00076,MG,PRD00003,96.08,5,2024-09-01,480.4
891,2024-05-25,CLI00005,SP,PRD00008,44.07,10,2024-05-01,440.7
892,2024-12-29,CLI00079,BA,PRD00002,74.48,8,2024-12-01,595.84
893,2025-01-16,CLI00045,SP,PRD00006,27.73,16,2025-01-01,443.68
894,2025-03-19,CLI00018,BA,PRD00007,97.8,14,2025-03-01,1369.2
895,2024-09-21,CLI00090,MG,PRD00008,68.92,5,2024-09-01,344.6
896,2025-02-02,CLI00026,RS,PRD00007,48.32,7,2025-02-01,338.24
897,2025-01-14,CLI00045,RS,PRD00003,81.43,10,2025-01-01,814.3000000000001
898,2024-06-16,CLI00089,BA,PRD00004,31.89,3,2024-06-01,95.67
899,2025-01-10,CLI00005,RJ,PRD00007,42.93,16,2025-01-01,686.88
900,2024-05-19,CLI00035,MG,PRD00002,81.15,3,2024-05-01,243.45000000000002
901,2024-07-03,CLI00098,RJ,PRD00007,47.16,2,2024-07-01,94.32
902,2025-05-01,CLI00024,RJ,PRD00007,95.22,8,2025-05-01,761.76
903,2025-02-06,CLI00089,RJ,PRD00009,44.75,13,2025-02-01,581.75
904,2025-02-03,CLI00045,BA,PRD00007,94.63,11,2025-02-01,1040.9299999999998
905,2024-12-31,CLI00015,SP,PRD00008,55.01,18,2024-12-01,990.18
906,2025-03-08,CLI00004,RS,PRD00007,34.62,14,2025-03-01,484.67999999999995
907,2024-06-11,CLI00082,RS,PRD00006,99.16,8,2024-06-01,793.28
908,2024-11-08,CLI00076,RS,PRD00006,52.09,12,2024-11-01,625.08
909,2024-12-13,CLI00012,MG,PRD00002,86.27,1,2024-12-01,86.27
910,2024-10-03,CLI00060,BA,PRD00005,80.85,19,2024-10-01,1536.1499999999999
911,2024-05-19,CLI00018,RS,PRD00007,60.29,4,2024-05-01,241.16
912,2025-03-02,CLI00001,SP,PRD00008,30.53,13,2025-03-01,396.89
913,2024-12-15,CLI00071,MG,PRD00003,95.33,11,2024-12-01,1048.6299999999999
914,2025-01-24,CLI00043,MG,PRD00007,90.77,6,2025-01-01,544.62
915,2024-06-04,CLI00009,SP,PRD00006,29.1,20,2024-06-01,582.0
916,2024-09-25,CLI00026,SP,PRD00007,80.5,1,2024-09-01,80.5
917,2024-05-20,CLI00014,RJ,PRD00004,21.22,20,2024-05-01,424.4
918,2024-12-31,CLI00073,RS,PRD00003,80.31,1,2024-12-01,80.31
919,2025-02-04,CLI00038,SP,PRD00009,21.57,2,2025-02-01,43.14
920,2024-08-15,CLI00042,MG,PRD00001,80.93,12,2024-08-01,971.1600000000001
921,2024-11-08,CLI00007,MG,PRD00008,97.86,15,2024-11-01,1467.9
922,2024-05-10,CLI00096,BA,PRD00008,74.37,13,2024-05-01,966.8100000000001
923,2024-06-12,CLI00056,BA,PRD00009,72.62,5,2024-06-01,363.1
924,2024-12-08,CLI00099,BA,PRD00001,81.44,1,2024-12-01,81.44
925,2024-07-19,CLI00038,MG,PRD00009,52.51,19,2024-07-01,997.6899999999999
926,2024-08-14,CLI00032,MG,PRD00007,41.88,18,2024-08-01,753.84
927,2024-07-09,CLI00046,RJ,PRD00007,86.13,9,2024-07-01,775.17
928,2025-03-30,CLI00075,SP,PRD00006,45.34,20,2025-03-01,906.8000000000001
929,2024-08-05,CLI00027,MG,PRD00008,84.5,10,2024-08-01,845.0
930,2024-05-28,CLI00082,RS,PRD00002,70.08,10,2024-05-01,700.8
931,2024-09-09,CLI00009,MG,PRD00004,86.19,14,2024-09-01,1206.6599999999999
932,2024-06-10,CLI00034,MG,PRD00008,81.81,16,2024-06-01,1308.96
933,2025-01-15,CLI00096,RJ,PRD00010,79.39,8,2025-01-01,635.12
934,2024-08-31,CLI00057,RS,PRD00009,52.45,11,2024-08-01,576.95
935,2024-10-14,CLI00003,BA,PRD00009,35.92,14,2024-10-01,502.88
936,2024-09-04,CLI00035,MG,PRD00007,31.61,10,2024-09-01,316.1
937,2024-12-21,CLI00055,BA,PRD00002,36.54,8,2024-12-01,292.32
938,2025-01-01,CLI00046,RJ,PRD00009,87.96,6,2025-01-01,527.76
939,2025-04-23,CLI00041,BA,PRD00005,89.62,10,2025-04-01,896.2
940,2024-07-27,CLI00056,RS,PRD00001,44.31,13,2024-07-01,576.03
941,2025-04-08,CLI00087,SP,PRD00003,20.62,14,2025-04-01,288.68
942,2024-08-30,CLI00022,RS,PRD00005,95.39,15,2024-08-01,1430.85
943,2024-06-21,CLI00004,RJ,PRD00004,85.18,9,2024-06-01,766.6200000000001
944,2024-08-18,CLI00066,RJ,PRD00002,68.71,5,2024-08-01,343.54999999999995
945,2024-05-16,CLI00008,RJ,PRD00002,22.92,4,2024-05-01,91.68
946,2024-12-11,CLI00003,BA,PRD00001,31.27,11,2024-12-01,343.96999999999997
947,2024-05-20,CLI00065,SP,PRD00006,53.64,20,2024-05-01,1072.8
948,2024-10-20,CLI00048,BA,PRD00008,32.32,10,2024-10-01,323.2
949,2024-11-10,CLI00009,BA,PRD00001,67.83,13,2024-11-01,881.79
950,2025-01-29,CLI00032,BA,PRD00001,39.24,17,2025-01-01,667.08
951,2024-05-16,CLI00039,BA,PRD00009,65.51,10,2024-05-01,655.1
952,2025-02-11,CLI00015,SP,PRD00008,80.7,1,2025-02-01,80.7
953,2025-02-15,CLI00074,RJ,PRD00007,25.89,18,2025-02-01,466.02
954,2024-10-09,CLI00040,BA,PRD00005,55.25,18,2024-10-01,994.5
955,2025-04-09,CLI00060,SP,PRD00003,71.21,14,2025-04-01,996.9399999999999
956,2024-09-06,CLI00020,RS,PRD00002,65.29,11,2024-09-01,718.19
957,2024-12-23,CLI00032,RS,PRD00008,58.71,17,2024-12-01,998.07
958,2025-03-11,CLI00081,RJ,PRD00006,75.62,18,2025-03-01,1361.16
959,2024-05-09,CLI00049,RS,PRD00005,58.19,7,2024-05-01,407.33
960,2025-03-06,CLI00039,SP,PRD00006,85.45,11,2025-03-01,939.95
961,2024-11-01,CLI00028,RJ,PRD00001,68.62,20,2024-11-01,1372.4
962,2024-07-27,CLI00061,RS,PRD00009,96.36,13,2024-07-01,1252.68
963,2024-06-17,CLI00073,BA,PRD00006,80.1,10,2024-06-01,801.0
964,2024-12-21,CLI00024,RJ,PRD00010,24.35,10,2024-12-01,243.5
965,2024-07-27,CLI00074,BA,PRD00009,52.61,19,2024-07-01,999.59
966,2024-12-31,CLI00098,MG,PRD00004,90.99,10,2024-12-01,909.9
967,2024-07-08,CLI00039,RS,PRD00006,60.16,4,2024-07-01,240.64
968,2025-03-03,CLI00064,MG,PRD00002,97.5,19,2025-03-01,1852.5
969,2024-06-13,CLI00037,SP,PRD00004,28.25,12,2024-06-01,339.0
970,2025-02-20,CLI00061,RJ,PRD00003,32.57,20,2025-02-01,651.4
971,2024-08-26,CLI00089,RS,PRD00002,48.46,15,2024-08-01,726.9
972,2024-10-14,CLI00061,RS,PRD00010,51.3,4,2024-10-01,205.2
973,2024-11-01,CLI00047,BA,PRD00010,66.36,2,2024-11-01,132.72
974,2024-10-14,CLI00017,SP,PRD00007,94.9,11,2024-10-01,1043.9
975,2024-10-04,CLI00075,RJ,PRD00002,46.4,10,2024-10-01,464.0
976,2024-06-29,CLI00065,BA,PRD00008,32.22,12,2024-06-01,386.64
977,2025-01-03,CLI00001,MG,PRD00003,46.52,11,2025-01-01,511.72
978,2025-04-27,CLI00068,MG,PRD00006,48.66,15,2025-04-01,729.9
979,2025-01-26,CLI00007,RS,PRD00002,61.59,15,2025-01-01,923.85
980,2024-10-18,CLI00065,SP,PRD00005,43.22,17,2024-10-01,734.74
981,2024-10-30,CLI00086,BA,PRD00008,57.45,11,2024-10-01,631.95
982,2025-04-08,CLI00059,BA,PRD00004,29.8,17,2025-04-01,506.6
983,2025-01-27,CLI00065,RJ,PRD00004,55.65,12,2025-01-01,667.8
984,2025-05-01,CLI00053,SP,PRD00002,21.48,7,2025-05-01,150.36
985,2025-04-05,CLI00054,SP,PRD00002,20.52,16,2025-04-01,328.32
986,2024-08-24,CLI00031,SP,PRD00005,87.82,10,2024-08-01,878.1999999999999
987,2024-05-14,CLI00030,MG,PRD00006,90.8,1,2024-05-01,90.8
988,2024-10-31,CLI00001,BA,PRD00008,58.52,12,2024-10-01,702.24
989,2024-05-08,CLI00035,RS,PRD00006,64.29,11,2024-05-01,707.19
990,2024-11-26,CLI00094,BA,PRD00001,83.3,16,2024-11-01,1332.8
991,2024-05-19,CLI00058,RJ,PRD00004,35.55,1,2024-05-01,35.55
992,2024-11-24,CLI00018,MG,PRD00006,40.34,6,2024-11-01,242.04000000000002
993,2025-03-17,CLI00080,RJ,PRD00006,69.79,7,2025-03-01,488.53000000000003
994,2024-07-19,CLI00031,BA,PRD00009,33.84,3,2024-07-01,101.52000000000001
995,2025-02-12,CLI00034,RS,PRD00003,67.81,12,2025-02-01,813.72
996,2025-03-18,CLI00012,SP,PRD00003,46.19,9,2025-03-01,415.71
997,2024-07-25,CLI00099,SP,PRD00002,20.95,6,2024-07-01,125.69999999999999
998,2025-02-28,CLI00082,BA,PRD00003,78.73,11,2025-02-01,866.0300000000001
999,2025-03-04,CLI00036,RS,PRD00008,52.35,10,2025-03-01,523.5
1000,2024-10-15,CLI00019,RJ,PRD00001,86.92,3,2024-10-01,260.76
